Component,Version,Vulnerability Score,Exploitability,Patch Available
Module_A,7,3.829268747537898,9.962536997579242,False
Module_B,4,9.717120953891037,9.654193512887936,False
Module_C,8,8.48913824266084,5.582934536070976,True
Module_D,5,7.217295211648732,8.826363431893396,False
Module_E,7,2.3598491974895577,1.8870710834137938,False
Module_A,3,2.5606832276132394,2.7887135259218185,False
Module_B,7,0.40433589538431347,7.003578299727713,True
Module_C,8,7.106628896857874,8.466611422383059,False
Module_D,5,1.1089082081183133,8.563242918780924,True
Module_E,4,4.393365018657701,4.045081271221901,False
Module_A,8,2.017192023353962,8.877700987609598,True
Module_B,8,8.957635956735194,8.509284487675128,True
Module_C,3,4.7537022318211175,9.356349942209475,False
Module_D,6,5.6327557197638365,7.853406511139436,True
Module_E,5,6.955160864261275,6.689882547142286,False
Module_A,2,1.3933145440587569,5.806866214364547,False
Module_B,8,6.044173792778173,3.722827665617431,False
Module_C,6,5.398410913016731,9.401334424577785,True
Module_D,2,2.030612247347694,9.736638367553173,True
Module_E,5,9.42853570557981,2.8392097473746567,False
Module_A,1,5.98865466488536,3.0536386034439342,False
Module_B,6,6.947849330397045,4.856137535862266,True
Module_C,9,8.804678390152578,4.4842414298624735,False
Module_D,1,6.2435404813379325,9.944574626108206,False
Module_E,3,2.95633685837714,1.7592525267734538,False
Module_A,7,1.054942598302706,0.18075363615520867,True
Module_B,4,4.565345704829102,4.938937151834346,True
Module_C,9,2.184404372168336,1.7882270922132881,True
Module_D,3,4.165099478703662,3.664687845828599,False
Module_E,5,8.832802589188683,7.441705230565622,False
Module_A,3,3.24345021005274,7.209399242521293,False
Module_B,7,1.2208795470067335,3.080607918523892,True
Module_C,5,3.5629783807697493,5.425402305548993,False
Module_D,9,9.06828441545754,5.0881407683876,False
Module_E,7,2.721322493846353,6.3633261818589535,False
Module_A,2,6.476901205413624,2.5046181860558416,False
Module_B,4,0.005203769953158188,5.898708475605439,True
Module_C,9,3.5256885633416903,9.78892858275009,True
Module_D,2,3.04781258158029,4.8674215295945515,False
Module_E,9,1.6465585314294173,9.06098787718554,True
Module_A,5,5.340894193754419,4.343943655104287,True
Module_B,2,4.848299713589832,3.500784076946757,False
Module_C,4,6.924360328902703,6.451033620305648,False
Module_D,7,2.6941233379852148,6.689240596630997,True
Module_E,8,2.441255222477742,8.64167565071903,False
Module_A,3,1.6829104217293056,2.3018526824155527,True
Module_B,1,2.187642195730702,4.991933798847523,False
Module_C,4,5.581020020173412,5.720041992091831,True
Module_D,2,4.038361710580408,7.68554014306309,False
Module_E,8,0.6489224710898156,0.4360377175443375,True
Module_A,4,2.539154139343447,9.94550510797341,True
Module_B,2,2.468760628386012,4.69944513990943,True
Module_C,6,6.963042728397884,2.7956034179675857,False
Module_D,6,7.12270589924442,8.83494022266259,True
Module_E,4,1.480869299533999,7.4771877389741395,True
Module_A,6,9.97740485048942,9.530718470239531,False
Module_B,2,2.66781014275285,3.307503046705137,False
Module_C,2,9.766149558326529,5.527649668354899,True
Module_D,4,4.110370133182313,5.722924691708383,True
Module_E,8,0.33050732900548385,9.803315837160456,False
Module_A,7,3.45071248026683,0.7534625600612821,False
Module_B,9,6.343513447013638,3.0569701928718187,False
Module_C,8,6.807054515547668,1.9091103115034602,False
Module_D,5,5.309345833171363,2.6847485689015684,False
Module_E,2,4.477831645730916,4.852798742763157,True
Module_A,5,5.52893089071328,3.726868670940493,False
Module_B,8,5.926967238793935,3.9469146680947222,True
Module_C,9,0.8085332633271525,8.442131407263114,True
Module_D,9,3.6965445606140444,9.300168348108318,True
Module_E,1,2.421599382774259,0.704161308495439,False
Module_A,9,8.031397563798958,2.089187176153602,True
Module_B,7,4.703006344460384,6.711435168240506,True
Module_C,9,9.83423140894843,3.586467812961639,False
Module_D,8,3.9882444244455306,2.5416364906973876,True
Module_E,1,8.16431873219384,2.9529058841893874,True
Module_A,8,7.983451249845511,3.225507642386005,False
Module_B,8,1.5071754396542947,8.486697949246745,True
Module_C,3,5.0819877674071865,1.3662133144202881,True
Module_D,1,6.958128067908818,7.089109969101186,True
Module_E,8,8.583588048137198,5.528199769079078,False
Module_A,3,3.2595890520188475,2.965101436477985,False
Module_B,3,2.202410475655483,4.197808564462765,False
Module_C,1,7.111495324380178,2.5620694359445806,True
Module_D,5,8.095010461397154,6.115137108656805,True
Module_E,7,3.4866598729172935,0.8159418040024036,False
Module_A,9,0.9617655109142076,0.05184862773986776,True
Module_B,7,9.40523264489604,6.27894414948636,True
Module_C,9,3.975720210875223,1.9427395351204224,False
Module_D,8,5.177513505274801,0.7094091699992766,False
Module_E,2,8.37710105907328,3.967838272138884,True
Module_A,1,6.7569011703928075,0.5076853103939694,True
Module_B,7,7.3521611924077215,8.866171489506598,True
Module_C,7,2.090716207377137,0.27616771873704704,False
Module_D,8,5.414479738275658,5.788648955075587,False
Module_E,5,6.957843993450822,4.38474123018087,False
Module_A,3,2.285500217972997,6.720261352951994,False
Module_B,8,1.7495492709593619,3.2815266747473193,True
Module_C,6,9.821683433294355,1.550416167277442,False
Module_D,3,5.166358912710143,9.818408883105311,False
Module_E,1,2.60829174830409,8.389335020693633,False
